time,pos_x,pos_y,pos_z,rot_x,rot_y,rot_z
156.4808,36.52,0,22,0,240,0
156.4824,36.52,0,22,0,240,0
156.4835,36.52,0,22,0,240,0
156.4847,36.52,0,22,0,240,0
156.4861,36.52,0,22,0,240,0
156.4877,36.52,0,22,0,240,0
156.4887,36.52,0,22,0,240,0
156.4898,36.52,0,22,0,240,0
156.491,36.52,0,22,0,240,0
156.4924,36.52,0,22,0,240,0
156.4935,36.52,0,22,0,240,0
156.4946,36.52,0,22,0,240,0
156.4962,36.52,0,22,0,240,0
156.498,36.52,0,22,0,240,0
156.4998,36.52,0,22,0,240,0
156.5009,36.52,0,22,0,240,0
156.5024,36.52,0,22,0,240,0
156.504,36.52,0,22,0,240,0
156.5057,36.52,0,22,0,240,0
156.5073,36.52,0,22,0,240,0
156.5088,36.52,0,22,0,240,0
156.5107,36.52,0,22,0,240,0
156.5121,36.52,0,22,0,240,0
156.5137,36.52,0,22,0,240,0
156.515,36.52,0,22,0,240,0
156.5167,36.52,0,22,0,240,0
156.5178,36.52,0,22,0,240,0
156.5196,36.52,0,22,0,240,0
156.5209,36.52,0,22,0,240,0
156.5226,36.52,0,22,0,240,0
156.5238,36.52,0,22,0,240,0
156.5257,36.52,0,22,0,240,0
156.5271,36.52,0,22,0,240,0
156.5287,36.52,0,22,0,240,0
156.5299,36.52,0,22,0,240,0
156.531,36.52,0,22,0,240,0
156.5321,36.52,0,22,0,240,0
156.5331,36.52,0,22,0,240,0
156.5341,36.52,0,22,0,240,0
156.5354,36.52,0,22,0,240,0
156.5365,36.52,0,22,0,240,0
156.5376,36.52,0,22,0,240,0
156.5388,36.52,0,22,0,240,0
156.5398,36.52,0,22,0,240,0
156.5409,36.52,0,22,0,240,0
156.5421,36.52,0,22,0,240,0
156.5432,36.52,0,22,0,240,0
156.5444,36.52,0,22,0,240,0
156.5455,36.52,0,22,0,240,0
156.5467,36.52,0,22,0,240,0
156.5481,36.52,0,22,0,240,0
156.5493,36.52,0,22,0,240,0
156.5506,36.52,0,22,0,240,0
156.5517,36.52,0,22,0,240,0
156.5528,36.52,0,22,0,240,0
156.5538,36.52,0,22,0,240,0
156.5549,36.52,0,22,0,240,0
156.556,36.52,0,22,0,240,0
156.5571,36.52,0,22,0,240,0
156.5582,36.52,0,22,0,240,0
156.5593,36.52,0,22,0,240,0
156.5606,36.52,0,22,0,240,0
156.5619,36.52,0,22,0,240,0
156.5629,36.52,0,22,0,240,0
156.564,36.52,0,22,0,240,0
156.5651,36.52,0,22,0,240,0
156.5662,36.52,0,22,0,240,0
156.5672,36.52,0,22,0,240,0
156.5683,36.52,0,22,0,240,0
156.5694,36.52,0,22,0,240,0
156.5704,36.52,0,22,0,240,0
156.5715,36.52,0,22,0,240,0
156.5725,36.52,0,22,0,240,0
156.5736,36.52,0,22,0,240,0
156.5749,36.52,0,22,0,240,0
156.5761,36.52,0,22,0,240,0
156.5771,36.52,0,22,0,240,0
156.5782,36.52,0,22,0,240,0
156.5792,36.52,0,22,0,240,0
156.5803,36.52,0,22,0,240,0
156.5816,36.52,0,22,0,240,0
156.5828,36.52,0,22,0,240,0
156.5885,36.52,0,22,0,240,0
156.5896,36.52,0,22,0,240,0
156.5908,36.52,0,22,0,240,0
156.5919,36.52,0,22,0,240,0
156.593,36.52,0,22,0,240,0
156.594,36.52,0,22,0,240,0
156.5952,36.52,0,22,0,240,0
156.5965,36.52,0,22,0,240,0
156.5977,36.52,0,22,0,240,0
156.5988,36.52,0,22,0,240,0
156.6,36.52,0,22,0,240,0
156.6013,36.52,0,22,0,240,0
156.6025,36.52,0,22,0,240,0
156.6036,36.52,0,22,0,240,0
156.6047,36.52,0,22,0,240,0
156.6058,36.52,0,22,0,240,0
156.6068,36.52,0,22,0,240,0
156.608,36.52,0,22,0,240,0
156.6091,36.52,0,22,0,240,0
156.6102,36.52,0,22,0,240,0
156.6113,36.52,0,22,0,240,0
156.6125,36.52,0,22,0,240,0
156.6138,36.52,0,22,0,240,0
156.6149,36.52,0,22,0,240,0
156.616,36.52,0,22,0,240,0
156.617,36.52,0,22,0,240,0
156.618,36.52,0,22,0,240,0
156.6191,36.52,0,22,0,240,0
156.6203,36.52,0,22,0,240,0
156.6215,36.52,0,22,0,240,0
156.6226,36.52,0,22,0,240,0
156.6236,36.52,0,22,0,240,0
156.6246,36.52,0,22,0,240,0
156.6258,36.52,0,22,0,240,0
156.627,36.52,0,22,0,240,0
156.6281,36.52,0,22,0,240,0
156.6292,36.52,0,22,0,240,0
156.6305,36.52,0,22,0,240,0
156.6316,36.52,0,22,0,240,0
156.633,36.52,0,22,0,240,0
156.6342,36.52,0,22,0,240,0
156.6353,36.52,0,22,0,240,0
156.6364,36.52,0,22,0,240,0
156.6375,36.52,0,22,0,240,0
156.6385,36.52,0,22,0,240,0
156.6396,36.52,0,22,0,240,0
156.6407,36.52,0,22,0,240,0
156.642,36.52,0,22,0,240,0
156.6431,36.52,0,22,0,240,0
156.6443,36.52,0,22,0,240,0
156.6455,36.52,0,22,0,240,0
156.6466,36.52,0,22,0,240,0
156.6477,36.52,0,22,0,240,0
156.6487,36.52,0,22,0,240,0
156.6498,36.52,0,22,0,240,0
156.6509,36.52,0,22,0,240,0
156.652,36.52,0,22,0,240,0
156.6531,36.52,0,22,0,240,0
156.6543,36.52,0,22,0,240,0
156.6554,36.52,0,22,0,240,0
156.6564,36.52,0,22,0,240,0
156.6575,36.52,0,22,0,240,0
156.6586,36.52,0,22,0,240,0
156.6596,36.52,0,22,0,240,0
156.6607,36.52,0,22,0,240,0
156.662,36.52,0,22,0,240,0
156.6631,36.52,0,22,0,240,0
156.6642,36.52,0,22,0,240,0
156.6655,36.52,0,22,0,240,0
156.6667,36.52,0,22,0,240,0
156.6678,36.52,0,22,0,240,0
156.6689,36.52,0,22,0,240,0
156.67,36.52,0,22,0,240,0
156.6711,36.52,0,22,0,240,0
156.6721,36.52,0,22,0,240,0
156.6732,36.52,0,22,0,240,0
156.6743,36.52,0,22,0,240,0
156.6753,36.52,0,22,0,240,0
156.6764,36.52,0,22,0,240,0
156.6774,36.52,0,22,0,240,0
156.6785,36.52,0,22,0,240,0
156.6799,36.52,0,22,0,240,0
156.6813,36.52,0,22,0,240,0
156.6823,36.52,0,22,0,240,0
156.6835,36.52,0,22,0,240,0
156.6846,36.52,0,22,0,240,0
156.6856,36.52,0,22,0,240,0
156.6866,36.52,0,22,0,240,0
156.6877,36.52,0,22,0,240,0
156.6887,36.52,0,22,0,240,0
156.6899,36.52,0,22,0,240,0
156.691,36.52,0,22,0,240,0
156.6921,36.52,0,22,0,240,0
156.6932,36.52,0,22,0,240,0
156.6944,36.52,0,22,0,240,0
156.6956,36.52,0,22,0,240,0
156.6968,36.52,0,22,0,240,0
156.698,36.52,0,22,0,240,0
156.6992,36.52,0,22,0,240,0
156.7003,36.52,0,22,0,240,0
156.7015,36.52,0,22,0,240,0
156.7026,36.52,0,22,0,240,0
156.7036,36.52,0,22,0,240,0
156.7047,36.52,0,22,0,240,0
156.7058,36.52,0,22,0,240,0
156.7068,36.52,0,22,0,240,0
156.7079,36.52,0,22,0,240,0
156.7089,36.52,0,22,0,240,0
156.71,36.52,0,22,0,240,0
156.7189,36.52,0,22,0,240,0
156.7201,36.52,0,22,0,240,0
156.7215,36.52,0,22,0,240,0
156.7226,36.52,0,22,0,240,0
156.7236,36.52,0,22,0,240,0
156.7246,36.52,0,22,0,240,0
156.7257,36.52,0,22,0,240,0
156.7267,36.52,0,22,0,240,0
156.7278,36.52,0,22,0,240,0
156.7288,36.52,0,22,0,240,0
156.7301,36.52,0,22,0,240,0
156.7313,36.52,0,22,0,240,0
156.7324,36.52,0,22,0,240,0
156.7336,36.52,0,22,0,240,0
156.7346,36.52,0,22,0,240,0
156.7357,36.52,0,22,0,240,0
156.7367,36.52,0,22,0,240,0
156.738,36.52,0,22,0,240,0
156.7396,36.52,0,22,0,240,0
156.7408,36.52,0,22,0,240,0
156.7426,36.52,0,22,0,240,0
156.7439,36.52,0,22,0,240,0
156.7462,36.52,0,22,0,240,0
156.7478,36.52,0,22,0,240,0
156.749,36.52,0,22,0,240,0
156.7505,36.52,0,22,0,240,0
156.7518,36.52,0,22,0,240,0
156.7534,36.52,0,22,0,240,0
156.7548,36.52,0,22,0,240,0
156.7564,36.52,0,22,0,240,0
156.7575,36.52,0,22,0,240,0
156.7587,36.52,0,22,0,240,0
156.7603,36.52,0,22,0,240,0
156.7619,36.52,0,22,0,240,0
156.7639,36.52,0,22,0,240,0
156.7657,36.52,0,22,0,240,0
156.7669,36.52,0,22,0,240,0
156.7682,36.52,0,22,0,240,0
156.7694,36.52,0,22,0,240,0
156.7706,36.52,0,22,0,240,0
156.772,36.52,0,22,0,240,0
156.7737,36.52,0,22,0,240,0
156.7754,36.52,0,22,0,240,0
156.7767,36.52,0,22,0,240,0
156.7778,36.52,0,22,0,240,0
156.779,36.52,0,22,0,240,0
156.7804,36.52,0,22,0,240,0
156.7819,36.52,0,22,0,240,0
156.7833,36.52,0,22,0,240,0
156.7849,36.52,0,22,0,240,0
156.7867,36.52,0,22,0,240,0
156.7878,36.52,0,22,0,240,0
156.7894,36.52,0,22,0,240,0
156.7906,36.52,0,22,0,240,0
156.7917,36.52,0,22,0,240,0
156.7931,36.52,0,22,0,240,0
156.7947,36.52,0,22,0,240,0
156.7958,36.52,0,22,0,240,0
156.797,36.52,0,22,0,240,0
156.7986,36.52,0,22,0,240,0
156.8003,36.52,0,22,0,240,0
156.8017,36.52,0,22,0,240,0
156.8029,36.52,0,22,0,240,0
156.804,36.52,0,22,0,240,0
156.8054,36.52,0,22,0,240,0
156.8069,36.52,0,22,0,240,0
156.8085,36.52,0,22,0,240,0
156.8097,36.52,0,22,0,240,0
156.8109,36.52,0,22,0,240,0
156.8129,36.52,0,22,0,240,0
156.8146,36.52,0,22,0,240,0
156.8158,36.52,0,22,0,240,0
156.8169,36.52,0,22,0,240,0
156.8181,36.52,0,22,0,240,0
156.8194,36.52,0,22,0,240,0
156.8209,36.52,0,22,0,240,0
156.8227,36.52,0,22,0,240,0
156.824,36.52,0,22,0,240,0
156.8256,36.52,0,22,0,240,0
156.8268,36.52,0,22,0,240,0
156.8287,36.52,0,22,0,240,0
156.8299,36.52,0,22,0,240,0
156.8311,36.52,0,22,0,240,0
156.8324,36.52,0,22,0,240,0
156.8335,36.52,0,22,0,240,0
156.8357,36.52,0,22,0,240,0
156.8369,36.52,0,22,0,240,0
156.8381,36.52,0,22,0,240,0
156.8394,36.52,0,22,0,240,0
156.8406,36.52,0,22,0,240,0
156.8428,36.52,0,22,0,240,0
156.8445,36.52,0,22,0,240,0
156.8456,36.52,0,22,0,240,0
156.847,36.52,0,22,0,240,0
156.8484,36.52,0,22,0,240,0
156.8496,36.52,0,22,0,240,0
156.8508,36.52,0,22,0,240,0
156.8527,36.52,0,22,0,240,0
156.8538,36.52,0,22,0,240,0
156.8549,36.52,0,22,0,240,0
156.8567,36.52,0,22,0,240,0
156.8582,36.52,0,22,0,240,0
156.8597,36.52,0,22,0,240,0
156.8608,36.52,0,22,0,240,0
156.8627,36.52,0,22,0,240,0
156.8638,36.52,0,22,0,240,0
156.865,36.52,0,22,0,240,0
156.8669,36.52,0,22,0,240,0
156.8686,36.52,0,22,0,240,0
156.87,36.52,0,22,0,240,0
156.8717,36.52,0,22,0,240,0
156.873,36.52,0,22,0,240,0
156.8746,36.52,0,22,0,240,0
156.876,36.52,0,22,0,240,0
156.8776,36.52,0,22,0,240,0
156.879,36.52,0,22,0,240,0
156.8809,36.52,0,22,0,240,0
156.8822,36.52,0,22,0,240,0
156.8838,36.52,0,22,0,240,0
156.8849,36.52,0,22,0,240,0
156.8862,36.52,0,22,0,240,0
156.8876,36.52,0,22,0,240,0
156.8887,36.52,0,22,0,240,0
156.8898,36.52,0,22,0,240,0
156.8909,36.52,0,22,0,240,0
156.8922,36.52,0,22,0,240,0
156.8933,36.52,0,22,0,240,0
156.8943,36.52,0,22,0,240,0
156.8954,36.52,0,22,0,240,0
156.8964,36.52,0,22,0,240,0
156.8975,36.52,0,22,0,240,0
156.8985,36.52,0,22,0,240,0
156.8996,36.52,0,22,0,240,0
156.9007,36.52,0,22,0,240,0
156.902,36.52,0,22,0,240,0
156.903,36.52,0,22,0,240,0
156.904,36.52,0,22,0,240,0
156.905,36.52,0,22,0,240,0
156.9061,36.52,0,22,0,240,0
156.9071,36.52,0,22,0,240,0
156.9082,36.52,0,22,0,240,0
156.9093,36.52,0,22,0,240,0
156.9105,36.52,0,22,0,240,0
156.9116,36.52,0,22,0,240,0
156.9128,36.52,0,22,0,240,0
156.914,36.52,0,22,0,240,0
156.9151,36.52,0,22,0,240,0
156.9164,36.52,0,22,0,240,0
156.9176,36.52,0,22,0,240,0
156.9186,36.52,0,22,0,240,0
156.9197,36.52,0,22,0,240,0
156.9209,36.52,0,22,0,240,0
156.9222,36.52,0,22,0,240,0
156.9235,36.52,0,22,0,240,0
156.9247,36.52,0,22,0,240,0
156.9257,36.52,0,22,0,240,0
156.9268,36.52,0,22,0,240,0
156.9278,36.52,0,22,0,240,0
156.9288,36.52,0,22,0,240,0
156.9299,36.52,0,22,0,240,0
156.931,36.52,0,22,0,240,0
156.9322,36.52,0,22,0,240,0
156.9333,36.52,0,22,0,240,0
156.9343,36.52,0,22,0,240,0
156.9353,36.52,0,22,0,240,0
156.9365,36.52,0,22,0,240,0
156.9375,36.52,0,22,0,240,0
156.9386,36.52,0,22,0,240,0
156.9396,36.52,0,22,0,240,0
156.9406,36.52,0,22,0,240,0
156.9419,36.52,0,22,0,240,0
156.943,36.52,0,22,0,240,0
156.944,36.52,0,22,0,240,0
156.945,36.52,0,22,0,240,0
156.9461,36.52,0,22,0,240,0
156.9471,36.52,0,22,0,240,0
156.9483,36.52,0,22,0,240,0
156.9494,36.52,0,22,0,240,0
156.9505,36.52,0,22,0,240,0
156.9516,36.52,0,22,0,240,0
156.9526,36.52,0,22,0,240,0
156.9537,36.52,0,22,0,240,0
156.9548,36.52,0,22,0,240,0
156.9558,36.52,0,22,0,240,0
156.9569,36.52,0,22,0,240,0
156.9579,36.52,0,22,0,240,0
156.959,36.52,0,22,0,240,0
156.9602,36.52,0,22,0,240,0
156.9613,36.52,0,22,0,240,0
156.9624,36.52,0,22,0,240,0
156.9638,36.52,0,22,0,240,0
156.9649,36.52,0,22,0,240,0
156.9661,36.52,0,22,0,240,0
156.9672,36.52,0,22,0,240,0
156.9682,36.52,0,22,0,240,0
156.9692,36.52,0,22,0,240,0
156.9702,36.52,0,22,0,240,0
156.9713,36.52,0,22,0,240,0
156.9724,36.52,0,22,0,240,0
156.9734,36.52,0,22,0,240,0
156.9746,36.52,0,22,0,240,0
156.9757,36.52,0,22,0,240,0
156.9768,36.52,0,22,0,240,0
156.9779,36.52,0,22,0,240,0
156.9789,36.52,0,22,0,240,0
156.98,36.52,0,22,0,240,0
156.9813,36.52,0,22,0,240,0
156.9824,36.52,0,22,0,240,0
156.9835,36.52,0,22,0,240,0
156.9846,36.52,0,22,0,240,0
156.9857,36.52,0,22,0,240,0
156.9868,36.52,0,22,0,240,0
156.9878,36.52,0,22,0,240,0
156.9889,36.52,0,22,0,240,0
156.9899,36.52,0,22,0,240,0
156.991,36.52,0,22,0,240,0
156.992,36.52,0,22,0,240,0
156.993,36.52,0,22,0,240,0
156.994,36.52,0,22,0,240,0
156.9951,36.52,0,22,0,240,0
156.9962,36.52,0,22,0,240,0
156.9973,36.52,0,22,0,240,0
156.9986,36.52,0,22,0,240,0
156.9997,36.52,0,22,0,240,0
157.0009,36.52,0,22,0,240,0
157.0021,36.52,0,22,0,240,0
157.0032,36.52,0,22,0,240,0
157.0044,36.52,0,22,0,240,0
157.0055,36.52,0,22,0,240,0
157.0067,36.52,0,22,0,240,0
157.0087,36.52,0,22,0,240,0
157.0104,36.52,0,22,0,240,0
157.0115,36.52,0,22,0,240,0
157.013,36.52,0,22,0,240,0
157.0141,36.52,0,22,0,240,0
157.0153,36.52,0,22,0,240,0
157.0164,36.52,0,22,0,240,0
157.0175,36.52,0,22,0,240,0
157.0186,36.52,0,22,0,240,0
157.0196,36.52,0,22,0,240,0
157.0207,36.52,0,22,0,240,0
157.022,36.52,0,22,0,240,0
157.0231,36.52,0,22,0,240,0
157.0242,36.52,0,22,0,240,0
157.0253,36.52,0,22,0,240,0
157.0264,36.52,0,22,0,240,0
157.0274,36.52,0,22,0,240,0
157.0285,36.52,0,22,0,240,0
157.0297,36.52,0,22,0,240,0
157.0309,36.52,0,22,0,240,0
157.0321,36.52,0,22,0,240,0
157.0331,36.52,0,22,0,240,0
157.0344,36.52,0,22,0,240,0
157.0354,36.52,0,22,0,240,0
157.0365,36.52,0,22,0,240,0
157.0376,36.52,0,22,0,240,0
157.0388,36.52,0,22,0,240,0
157.0399,36.52,0,22,0,240,0
157.041,36.52,0,22,0,240,0
157.0423,36.52,0,22,0,240,0
157.0433,36.52,0,22,0,240,0
157.0443,36.52,0,22,0,240,0
157.0454,36.52,0,22,0,240,0
157.0464,36.52,0,22,0,240,0
157.0475,36.52,0,22,0,240,0
157.0486,36.52,0,22,0,240,0
157.0498,36.52,0,22,0,240,0
157.0509,36.52,0,22,0,240,0
157.0521,36.52,0,22,0,240,0
157.0531,36.52,0,22,0,240,0
157.0542,36.52,0,22,0,240,0
157.0552,36.52,0,22,0,240,0
157.0563,36.52,0,22,0,240,0
157.0575,36.52,0,22,0,240,0
157.0586,36.52,0,22,0,240,0
157.0597,36.52,0,22,0,240,0
157.0607,36.52,0,22,0,240,0
157.062,36.52,0,22,0,240,0
157.0631,36.52,0,22,0,240,0
157.0642,36.52,0,22,0,240,0
157.0653,36.52,0,22,0,240,0
157.0664,36.52,0,22,0,240,0
157.0675,36.52,0,22,0,240,0
157.0686,36.52,0,22,0,240,0
157.0698,36.52,0,22,0,240,0
157.0709,36.52,0,22,0,240,0
157.072,36.52,0,22,0,240,0
157.0731,36.52,0,22,0,240,0
157.0742,36.52,0,22,0,240,0
157.0753,36.52,0,22,0,240,0
157.0763,36.52,0,22,0,240,0
157.0774,36.52,0,22,0,240,0
157.0785,36.52,0,22,0,240,0
157.0796,36.52,0,22,0,240,0
157.0809,36.52,0,22,0,240,0
157.0823,36.52,0,22,0,240,0
157.0839,36.52,0,22,0,240,0
157.0849,36.52,0,22,0,240,0
157.086,36.52,0,22,0,240,0
157.0877,36.52,0,22,0,240,0
157.089,36.52,0,22,0,240,0
157.0907,36.52,0,22,0,240,0
157.0921,36.52,0,22,0,240,0
157.0937,36.52,0,22,0,240,0
157.0951,36.52,0,22,0,240,0
157.0968,36.52,0,22,0,240,0
157.0988,36.52,0,22,0,240,0
157.1003,36.52,0,22,0,240,0
157.1016,36.52,0,22,0,240,0
157.1034,36.52,0,22,0,240,0
157.1048,36.52,0,22,0,240,0
157.1059,36.52,0,22,0,240,0
157.1078,36.52,0,22,0,240,0
157.1094,36.52,0,22,0,240,0
157.1108,36.52,0,22,0,240,0
157.1129,36.52,0,22,0,240,0
157.1149,36.52,0,22,0,240,0
157.1164,36.52,0,22,0,240,0
157.1178,36.52,0,22,0,240,0
157.1193,36.52,0,22,0,240,0
157.1207,36.52,0,22,0,240,0
157.1228,36.52,0,22,0,240,0
157.1247,36.52,0,22,0,240,0
157.1261,36.52,0,22,0,240,0
157.1276,36.52,0,22,0,240,0
157.129,36.52,0,22,0,240,0
157.1307,36.52,0,22,0,240,0
157.1328,36.52,0,22,0,240,0
157.1344,36.52,0,22,0,240,0
157.1358,36.52,0,22,0,240,0
157.1377,36.52,0,22,0,240,0
157.1398,36.52,0,22,0,240,0
157.142,36.52,0,22,0,240,0
157.1438,36.52,0,22,0,240,0
157.1459,36.52,0,22,0,240,0
157.1476,36.52,0,22,0,240,0
157.149,36.52,0,22,0,240,0
157.1508,36.52,0,22,0,240,0
157.1528,36.52,0,22,0,240,0
157.1543,36.52,0,22,0,240,0
157.1558,36.52,0,22,0,240,0
157.1577,36.52,0,22,0,240,0
157.159,36.52,0,22,0,240,0
157.1606,36.52,0,22,0,240,0
157.163,36.52,0,22,0,240,0
157.1648,36.52,0,22,0,240,0
157.167,36.52,0,22,0,240,0
157.1687,36.52,0,22,0,240,0
157.1703,36.52,0,22,0,240,0
157.1718,36.52,0,22,0,240,0
157.1729,36.52,0,22,0,240,0
157.1749,36.52,0,22,0,240,0
157.1767,36.52,0,22,0,240,0
157.1781,36.52,0,22,0,240,0
157.1797,36.52,0,22,0,240,0
157.1811,36.52,0,22,0,240,0
157.1828,36.52,0,22,0,240,0
157.1845,36.52,0,22,0,240,0
157.1859,36.52,0,22,0,240,0
157.1877,36.52,0,22,0,240,0
157.1891,36.52,0,22,0,240,0
157.1906,36.52,0,22,0,240,0
157.192,36.52,0,22,0,240,0
157.1937,36.52,0,22,0,240,0
157.1951,36.52,0,22,0,240,0
157.1966,36.52,0,22,0,240,0
157.1981,36.52,0,22,0,240,0
157.1996,36.52,0,22,0,240,0
157.2011,36.52,0,22,0,240,0
157.2028,36.52,0,22,0,240,0
157.2047,36.52,0,22,0,240,0
157.2062,36.52,0,22,0,240,0
157.2076,36.52,0,22,0,240,0
157.209,36.52,0,22,0,240,0
157.2106,36.52,0,22,0,240,0
157.212,36.52,0,22,0,240,0
157.2138,36.52,0,22,0,240,0
157.2158,36.52,0,22,0,240,0
157.2176,36.52,0,22,0,240,0
157.2189,36.52,0,22,0,240,0
157.2208,36.52,0,22,0,240,0
157.2226,36.52,0,22,0,240,0
157.2243,36.52,0,22,0,240,0
157.2257,36.52,0,22,0,240,0
157.2268,36.52,0,22,0,240,0
157.2286,36.52,0,22,0,240,0
157.2298,36.52,0,22,0,240,0
157.232,36.52,0,22,0,240,0
157.2336,36.52,0,22,0,240,0
157.2351,36.52,0,22,0,240,0
157.2367,36.52,0,22,0,240,0
157.2381,36.52,0,22,0,240,0
157.2396,36.52,0,22,0,240,0
157.2422,36.52,0,22,0,240,0
157.244,36.52,0,22,0,240,0
157.2458,36.52,0,22,0,240,0
157.2476,36.52,0,22,0,240,0
157.2491,36.52,0,22,0,240,0
157.2506,36.52,0,22,0,240,0
157.252,36.52,0,22,0,240,0
157.2536,36.52,0,22,0,240,0
157.255,36.52,0,22,0,240,0
157.2562,36.52,0,22,0,240,0
157.2576,36.52,0,22,0,240,0
157.2592,36.52,0,22,0,240,0
157.2605,36.52,0,22,0,240,0
157.2619,36.52,0,22,0,240,0
157.2636,36.52,0,22,0,240,0
157.2651,36.52,0,22,0,240,0
157.2667,36.52,0,22,0,240,0
157.2681,36.52,0,22,0,240,0
157.2697,36.52,0,22,0,240,0
157.2708,36.52,0,22,0,240,0
157.2726,36.52,0,22,0,240,0
157.274,36.52,0,22,0,240,0
157.2757,36.52,0,22,0,240,0
157.2771,36.52,0,22,0,240,0
157.2787,36.52,0,22,0,240,0
157.2807,36.52,0,22,0,240,0
157.2827,36.52,0,22,0,240,0
157.2842,36.52,0,22,0,240,0
157.2856,36.52,0,22,0,240,0
157.2869,36.52,0,22,0,240,0
157.2888,36.52,0,22,0,240,0
157.2908,36.52,0,22,0,240,0
157.2927,36.52,0,22,0,240,0
157.2943,36.52,0,22,0,240,0
157.2957,36.52,0,22,0,240,0
157.2978,36.52,0,22,0,240,0
157.2997,36.52,0,22,0,240,0
157.3018,36.52,0,22,0,240,0
157.3037,36.52,0,22,0,240,0
157.3053,36.52,0,22,0,240,0
157.3068,36.52,0,22,0,240,0
157.3083,36.52,0,22,0,240,0
157.3098,36.52,0,22,0,240,0
157.3113,36.52,0,22,0,240,0
157.3162,36.52,0,22,0,240,0
157.3222,36.52,0,22,0,240,0
157.3238,36.52,0,22,0,240,0
157.3257,36.52,0,22,0,240,0
157.327,36.52,0,22,0,240,0
157.3286,36.52,0,22,0,240,0
157.33,36.52,0,22,0,240,0
157.3317,36.52,0,22,0,240,0
157.3335,36.52,0,22,0,240,0
157.3351,36.52,0,22,0,240,0
157.3367,36.52,0,22,0,240,0
157.3381,36.52,0,22,0,240,0
157.3397,36.52,0,22,0,240,0
157.3411,36.52,0,22,0,240,0
157.3427,36.52,0,22,0,240,0
157.344,36.52,0,22,0,240,0
157.3459,36.52,0,22,0,240,0
157.3479,36.52,0,22,0,240,0
157.3491,36.52,0,22,0,240,0
157.3506,36.52,0,22,0,240,0
157.3521,36.52,0,22,0,240,0
157.3538,36.52,0,22,0,240,0
157.3558,36.52,0,22,0,240,0
157.3573,36.52,0,22,0,240,0
157.3587,36.52,0,22,0,240,0
157.3601,36.52,0,22,0,240,0
157.3617,36.52,0,22,0,240,0
157.3639,36.52,0,22,0,240,0
157.3657,36.52,0,22,0,240,0
157.3672,36.52,0,22,0,240,0
157.3687,36.52,0,22,0,240,0
157.3701,36.52,0,22,0,240,0
157.3717,36.52,0,22,0,240,0
157.3732,36.52,0,22,0,240,0
157.3747,36.52,0,22,0,240,0
157.3766,36.52,0,22,0,240,0
157.378,36.52,0,22,0,240,0
157.3798,36.52,0,22,0,240,0
157.3818,36.52,0,22,0,240,0
157.3836,36.52,0,22,0,240,0
157.385,36.52,0,22,0,240,0
157.3867,36.52,0,22,0,240,0
157.3881,36.52,0,22,0,240,0
157.3896,36.52,0,22,0,240,0
157.391,36.52,0,22,0,240,0
157.3926,36.52,0,22,0,240,0
157.3942,36.52,0,22,0,240,0
157.3957,36.52,0,22,0,240,0
157.3971,36.52,0,22,0,240,0
157.3987,36.52,0,22,0,240,0
157.4,36.52,0,22,0,240,0
157.4017,36.52,0,22,0,240,0
157.4031,36.52,0,22,0,240,0
157.4047,36.52,0,22,0,240,0
157.4061,36.52,0,22,0,240,0
157.4076,36.52,0,22,0,240,0
157.409,36.52,0,22,0,240,0
157.4106,36.52,0,22,0,240,0
157.4134,36.52,0,22,0,240,0
157.4149,36.52,0,22,0,240,0
157.4168,36.52,0,22,0,240,0
157.4185,36.52,0,22,0,240,0
157.4199,36.52,0,22,0,240,0
157.4217,36.52,0,22,0,240,0
157.4237,36.52,0,22,0,240,0
157.4248,36.52,0,22,0,240,0
157.4267,36.52,0,22,0,240,0
157.4287,36.52,0,22,0,240,0
157.4299,36.52,0,22,0,240,0
157.4317,36.52,0,22,0,240,0
157.4333,36.52,0,22,0,240,0
157.4348,36.52,0,22,0,240,0
157.436,36.52,0,22,0,240,0
157.4377,36.52,0,22,0,240,0
157.4388,36.52,0,22,0,240,0
157.4398,36.52,0,22,0,240,0
157.4418,36.52,0,22,0,240,0
157.4431,36.52,0,22,0,240,0
157.4443,36.52,0,22,0,240,0
157.4455,36.52,0,22,0,240,0
157.4467,36.52,0,22,0,240,0
157.4478,36.52,0,22,0,240,0
157.4489,36.52,0,22,0,240,0
157.45,36.52,0,22,0,240,0
157.4515,36.52,0,22,0,240,0
157.4525,36.52,0,22,0,240,0
157.4536,36.52,0,22,0,240,0
157.4547,36.52,0,22,0,240,0
157.4559,36.52,0,22,0,240,0
157.457,36.52,0,22,0,240,0
157.4581,36.52,0,22,0,240,0
157.4592,36.52,0,22,0,240,0
157.4603,36.52,0,22,0,240,0
157.4615,36.52,0,22,0,240,0
157.4626,36.52,0,22,0,240,0
157.4639,36.52,0,22,0,240,0
157.4651,36.52,0,22,0,240,0
157.4662,36.52,0,22,0,240,0
157.4673,36.52,0,22,0,240,0
157.4683,36.52,0,22,0,240,0
157.4693,36.52,0,22,0,240,0
157.4703,36.52,0,22,0,240,0
157.4714,36.52,0,22,0,240,0
157.4726,36.52,0,22,0,240,0
157.4738,36.52,0,22,0,240,0
157.475,36.52,0,22,0,240,0
157.4761,36.52,0,22,0,240,0
157.4777,36.52,0,22,0,240,0
157.4788,36.52,0,22,0,240,0
157.4798,36.52,0,22,0,240,0
157.4809,36.52,0,22,0,240,0
157.4827,36.52,0,22,0,240,0
157.4838,36.52,0,22,0,240,0
157.4849,36.52,0,22,0,240,0
157.4862,36.52,0,22,0,240,0
157.4876,36.52,0,22,0,240,0
157.4887,36.52,0,22,0,240,0
157.4902,36.52,0,22,0,240,0
157.4917,36.52,0,22,0,240,0
157.4927,36.52,0,22,0,240,0
157.4946,36.52,0,22,0,240,0
157.4957,36.52,0,22,0,240,0
157.4972,36.52,0,22,0,240,0
157.4987,36.52,0,22,0,240,0
157.5001,36.52,0,22,0,240,0
157.5018,36.52,0,22,0,240,0
157.5036,36.52,0,22,0,240,0
157.5051,36.52,0,22,0,240,0
157.5066,36.52,0,22,0,240,0
157.5083,36.52,0,22,0,240,0
157.5098,36.52,0,22,0,240,0
157.5116,36.52,0,22,0,240,0
157.5133,36.52,0,22,0,240,0
157.5152,36.52,0,22,0,240,0
157.5167,36.52,0,22,0,240,0
157.5186,36.52,0,22,0,240,0
157.5207,36.52,0,22,0,240,0
157.5228,36.52,0,22,0,240,0
157.5244,36.52,0,22,0,240,0
157.5258,36.52,0,22,0,240,0
157.5277,36.52,0,22,0,240,0
157.5299,36.52,0,22,0,240,0
157.5317,36.52,0,22,0,240,0
157.5331,36.52,0,22,0,240,0
157.5347,36.52,0,22,0,240,0
157.5366,36.52,0,22,0,240,0
157.5381,36.52,0,22,0,240,0
157.5396,36.52,0,22,0,240,0
157.541,36.52,0,22,0,240,0
157.5426,36.52,0,22,0,240,0
157.5439,36.52,0,22,0,240,0
157.5458,36.52,0,22,0,240,0
157.5478,36.52,0,22,0,240,0
157.5495,36.52,0,22,0,240,0
157.5509,36.52,0,22,0,240,0
157.553,36.52,0,22,0,240,0
157.5549,36.52,0,22,0,240,0
157.5569,36.52,0,22,0,240,0
157.5587,36.52,0,22,0,240,0
157.5603,36.52,0,22,0,240,0
157.5631,36.52,0,22,0,240,0
157.5669,36.52,0,22,0,240,0
157.5687,36.52,0,22,0,240,0
157.5702,36.52,0,22,0,240,0
157.5716,36.52,0,22,0,240,0
157.573,36.52,0,22,0,240,0
157.5747,36.52,0,22,0,240,0
157.5763,36.52,0,22,0,240,0
157.5778,36.52,0,22,0,240,0
157.5797,36.52,0,22,0,240,0
157.5818,36.52,0,22,0,240,0
157.5844,36.52,0,22,0,240,0
157.5862,36.52,0,22,0,240,0
157.5876,36.52,0,22,0,240,0
157.589,36.52,0,22,0,240,0
157.5907,36.52,0,22,0,240,0
157.5926,36.52,0,22,0,240,0
157.594,36.52,0,22,0,240,0
157.5959,36.52,0,22,0,240,0
157.5979,36.52,0,22,0,240,0
157.5997,36.52,0,22,0,240,0
157.6011,36.52,0,22,0,240,0
157.6026,36.52,0,22,0,240,0
157.6039,36.52,0,22,0,240,0
157.6055,36.52,0,22,0,240,0
157.6069,36.52,0,22,0,240,0
157.6087,36.52,0,22,0,240,0
157.6097,36.52,0,22,0,240,0
157.6111,36.52,0,22,0,240,0
157.6126,36.52,0,22,0,240,0
157.6138,36.52,0,22,0,240,0
157.6158,36.52,0,22,0,240,0
157.6169,36.52,0,22,0,240,0
157.6186,36.52,0,22,0,240,0
157.6197,36.52,0,22,0,240,0
157.6211,36.52,0,22,0,240,0
157.6226,36.52,0,22,0,240,0
157.6237,36.52,0,22,0,240,0
157.625,36.52,0,22,0,240,0
157.6261,36.52,0,22,0,240,0
157.6277,36.52,0,22,0,240,0
157.6288,36.52,0,22,0,240,0
157.6304,36.52,0,22,0,240,0
157.6316,36.52,0,22,0,240,0
157.6331,36.52,0,22,0,240,0
157.6344,36.52,0,22,0,240,0
157.6358,36.52,0,22,0,240,0
157.637,36.52,0,22,0,240,0
157.6381,36.52,0,22,0,240,0
157.6393,36.52,0,22,0,240,0
157.6404,36.52,0,22,0,240,0
157.6419,36.52,0,22,0,240,0
157.643,36.52,0,22,0,240,0
157.644,36.52,0,22,0,240,0
157.6452,36.52,0,22,0,240,0
157.6463,36.52,0,22,0,240,0
157.6475,36.52,0,22,0,240,0
157.6486,36.52,0,22,0,240,0
157.6497,36.52,0,22,0,240,0
157.6508,36.52,0,22,0,240,0
157.652,36.52,0,22,0,240,0
157.6531,36.52,0,22,0,240,0
157.6542,36.52,0,22,0,240,0
157.6552,36.52,0,22,0,240,0
157.6563,36.52,0,22,0,240,0
157.6573,36.52,0,22,0,240,0
157.6584,36.52,0,22,0,240,0
157.6595,36.52,0,22,0,240,0
157.6606,36.52,0,22,0,240,0
157.6619,36.52,0,22,0,240,0
157.6632,36.52,0,22,0,240,0
157.6646,36.52,0,22,0,240,0
157.6657,36.52,0,22,0,240,0
157.6668,36.52,0,22,0,240,0
157.6679,36.52,0,22,0,240,0
157.6689,36.52,0,22,0,240,0
157.67,36.52,0,22,0,240,0
157.6711,36.52,0,22,0,240,0
157.6721,36.52,0,22,0,240,0
157.6731,36.52,0,22,0,240,0
157.6742,36.52,0,22,0,240,0
157.6753,36.52,0,22,0,240,0
157.6764,36.52,0,22,0,240,0
157.6775,36.52,0,22,0,240,0
157.6785,36.52,0,22,0,240,0
157.6798,36.52,0,22,0,240,0
157.681,36.52,0,22,0,240,0
157.6824,36.52,0,22,0,240,0
157.6834,36.52,0,22,0,240,0
157.6844,36.52,0,22,0,240,0
157.6855,36.52,0,22,0,240,0
157.6865,36.52,0,22,0,240,0
157.6876,36.52,0,22,0,240,0
157.6887,36.52,0,22,0,240,0
157.6898,36.52,0,22,0,240,0
157.6908,36.52,0,22,0,240,0
157.692,36.52,0,22,0,240,0
157.693,36.52,0,22,0,240,0
157.694,36.52,0,22,0,240,0
157.6951,36.52,0,22,0,240,0
157.6962,36.52,0,22,0,240,0
157.6973,36.52,0,22,0,240,0
157.6983,36.52,0,22,0,240,0
157.6995,36.52,0,22,0,240,0
157.7005,36.52,0,22,0,240,0
157.7018,36.52,0,22,0,240,0
157.7029,36.52,0,22,0,240,0
157.7039,36.52,0,22,0,240,0
157.7049,36.52,0,22,0,240,0
157.7059,36.52,0,22,0,240,0
157.707,36.52,0,22,0,240,0
157.7081,36.52,0,22,0,240,0
157.7091,36.52,0,22,0,240,0
157.7101,36.52,0,22,0,240,0
157.7112,36.52,0,22,0,240,0
157.7122,36.52,0,22,0,240,0
157.7133,36.52,0,22,0,240,0
157.7144,36.52,0,22,0,240,0
157.7155,36.52,0,22,0,240,0
157.7166,36.52,0,22,0,240,0
157.7176,36.52,0,22,0,240,0
157.7186,36.52,0,22,0,240,0
157.7201,36.52,0,22,0,240,0
157.7214,36.52,0,22,0,240,0
157.7224,36.52,0,22,0,240,0
157.7235,36.52,0,22,0,240,0
157.7246,36.52,0,22,0,240,0
157.7256,36.52,0,22,0,240,0
157.7267,36.52,0,22,0,240,0
157.7278,36.52,0,22,0,240,0
157.729,36.52,0,22,0,240,0
157.7304,36.52,0,22,0,240,0
157.7316,36.52,0,22,0,240,0
157.7326,36.52,0,22,0,240,0
157.7336,36.52,0,22,0,240,0
157.7347,36.52,0,22,0,240,0
157.7358,36.52,0,22,0,240,0
157.7369,36.52,0,22,0,240,0
157.738,36.52,0,22,0,240,0
157.7391,36.52,0,22,0,240,0
157.7407,36.52,0,22,0,240,0
157.7423,36.52,0,22,0,240,0
157.7433,36.52,0,22,0,240,0
157.7444,36.52,0,22,0,240,0
157.7456,36.52,0,22,0,240,0
157.7467,36.52,0,22,0,240,0
157.7486,36.52,0,22,0,240,0
157.7497,36.52,0,22,0,240,0
157.7511,36.52,0,22,0,240,0
157.7521,36.52,0,22,0,240,0
157.7537,36.52,0,22,0,240,0
157.755,36.52,0,22,0,240,0
157.7567,36.52,0,22,0,240,0
157.7586,36.52,0,22,0,240,0
157.7597,36.52,0,22,0,240,0
157.7609,36.52,0,22,0,240,0
157.7627,36.52,0,22,0,240,0
157.7639,36.52,0,22,0,240,0
157.7657,36.52,0,22,0,240,0
157.7669,36.52,0,22,0,240,0
157.768,36.52,0,22,0,240,0
157.7697,36.52,0,22,0,240,0
157.771,36.52,0,22,0,240,0
157.7727,36.52,0,22,0,240,0
157.774,36.52,0,22,0,240,0
157.7756,36.52,0,22,0,240,0
157.7771,36.52,0,22,0,240,0
157.7787,36.52,0,22,0,240,0
157.7799,36.52,0,22,0,240,0
157.7816,36.52,0,22,0,240,0
157.783,36.52,0,22,0,240,0
157.7847,36.52,0,22,0,240,0
157.786,36.52,0,22,0,240,0
157.7878,36.52,0,22,0,240,0
157.7888,36.52,0,22,0,240,0
157.7905,36.52,0,22,0,240,0
157.7919,36.52,0,22,0,240,0
157.793,36.52,0,22,0,240,0
157.7946,36.52,0,22,0,240,0
157.796,36.52,0,22,0,240,0
157.7979,36.52,0,22,0,240,0
157.7998,36.52,0,22,0,240,0
157.8015,36.52,0,22,0,240,0
157.8036,36.52,0,22,0,240,0
157.805,36.52,0,22,0,240,0
157.8067,36.52,0,22,0,240,0
157.8077,36.52,0,22,0,240,0
157.8091,36.52,0,22,0,240,0
157.8107,36.52,0,22,0,240,0
157.8128,36.52,0,22,0,240,0
157.8141,36.52,0,22,0,240,0
157.8157,36.52,0,22,0,240,0
157.8171,36.52,0,22,0,240,0
157.8187,36.52,0,22,0,240,0
157.8198,36.52,0,22,0,240,0
157.8217,36.52,0,22,0,240,0
157.8231,36.52,0,22,0,240,0
157.8246,36.52,0,22,0,240,0
157.826,36.52,0,22,0,240,0
157.8278,36.52,0,22,0,240,0
157.8292,36.52,0,22,0,240,0
157.8317,36.52,0,22,0,240,0
157.8336,36.52,0,22,0,240,0
157.8349,36.52,0,22,0,240,0
157.836,36.52,0,22,0,240,0
157.8375,36.52,0,22,0,240,0
157.839,36.52,0,22,0,240,0
157.8401,36.52,0,22,0,240,0
157.8417,36.52,0,22,0,240,0
157.8428,36.52,0,22,0,240,0
157.8439,36.52,0,22,0,240,0
157.8458,36.52,0,22,0,240,0
157.8475,36.52,0,22,0,240,0
157.8486,36.52,0,22,0,240,0
157.8496,36.52,0,22,0,240,0
157.851,36.52,0,22,0,240,0
157.8521,36.52,0,22,0,240,0
157.8532,36.52,0,22,0,240,0
157.8543,36.52,0,22,0,240,0
157.8555,36.52,0,22,0,240,0
157.8566,36.52,0,22,0,240,0
157.8577,36.52,0,22,0,240,0
157.8588,36.52,0,22,0,240,0
157.8598,36.52,0,22,0,240,0
157.8609,36.52,0,22,0,240,0
157.8622,36.52,0,22,0,240,0
157.8633,36.52,0,22,0,240,0
157.8645,36.52,0,22,0,240,0
157.8656,36.52,0,22,0,240,0
157.8667,36.52,0,22,0,240,0
157.8678,36.52,0,22,0,240,0
157.8689,36.52,0,22,0,240,0
157.8699,36.52,0,22,0,240,0
157.8714,36.52,0,22,0,240,0
157.8725,36.52,0,22,0,240,0
157.8736,36.52,0,22,0,240,0
157.8746,36.52,0,22,0,240,0
157.8757,36.52,0,22,0,240,0
157.8769,36.52,0,22,0,240,0
157.8779,36.52,0,22,0,240,0
157.8789,36.52,0,22,0,240,0
157.88,36.52,0,22,0,240,0
157.8813,36.52,0,22,0,240,0
157.8824,36.52,0,22,0,240,0
157.8834,36.52,0,22,0,240,0
157.8844,36.52,0,22,0,240,0
157.8855,36.52,0,22,0,240,0
157.8865,36.52,0,22,0,240,0
157.8875,36.52,0,22,0,240,0
157.8885,36.52,0,22,0,240,0
157.8896,36.52,0,22,0,240,0
157.8906,36.52,0,22,0,240,0
157.8916,36.52,0,22,0,240,0
157.8927,36.52,0,22,0,240,0
157.8938,36.52,0,22,0,240,0
157.8949,36.52,0,22,0,240,0
157.8961,36.52,0,22,0,240,0
157.8975,36.52,0,22,0,240,0
157.8986,36.52,0,22,0,240,0
157.8996,36.52,0,22,0,240,0
157.9008,36.52,0,22,0,240,0
157.9021,36.52,0,22,0,240,0
157.9031,36.52,0,22,0,240,0
157.9043,36.52,0,22,0,240,0
157.9053,36.52,0,22,0,240,0
157.9064,36.52,0,22,0,240,0
157.9076,36.52,0,22,0,240,0
157.9087,36.52,0,22,0,240,0
157.9098,36.52,0,22,0,240,0
157.9109,36.52,0,22,0,240,0
157.9119,36.52,0,22,0,240,0
157.9132,36.52,0,22,0,240,0
157.9144,36.52,0,22,0,240,0
157.916,36.52,0,22,0,240,0
157.9171,36.52,0,22,0,240,0
157.9181,36.52,0,22,0,240,0
157.9193,36.52,0,22,0,240,0
157.9205,36.52,0,22,0,240,0
157.9219,36.52,0,22,0,240,0
157.9229,36.52,0,22,0,240,0
157.9271,36.52,0,22,0,240,0
157.933,36.52,0,22,0,240,0
157.9341,36.52,0,22,0,240,0
157.9358,36.52,0,22,0,240,0
157.9373,36.52,0,22,0,240,0
157.9387,36.52,0,22,0,240,0
157.9398,36.52,0,22,0,240,0
157.9409,36.52,0,22,0,240,0
157.9422,36.52,0,22,0,240,0
157.9433,36.52,0,22,0,240,0
157.9444,36.52,0,22,0,240,0
157.9455,36.52,0,22,0,240,0
157.9466,36.52,0,22,0,240,0
157.9476,36.52,0,22,0,240,0
157.9487,36.52,0,22,0,240,0
157.9506,36.52,0,22,0,240,0
157.9517,36.52,0,22,0,240,0
157.9528,36.52,0,22,0,240,0
157.9538,36.52,0,22,0,240,0
157.955,36.52,0,22,0,240,0
157.9561,36.52,0,22,0,240,0
157.9572,36.52,0,22,0,240,0
157.9583,36.52,0,22,0,240,0
157.9594,36.52,0,22,0,240,0
157.9605,36.52,0,22,0,240,0
157.9623,36.52,0,22,0,240,0
157.9634,36.52,0,22,0,240,0
157.9647,36.52,0,22,0,240,0
157.9659,36.52,0,22,0,240,0
157.9671,36.52,0,22,0,240,0
157.9683,36.52,0,22,0,240,0
157.9698,36.52,0,22,0,240,0
157.9708,36.52,0,22,0,240,0
157.9719,36.52,0,22,0,240,0
157.9733,36.52,0,22,0,240,0
157.9743,36.52,0,22,0,240,0
157.9755,36.52,0,22,0,240,0
157.9767,36.52,0,22,0,240,0
157.9778,36.52,0,22,0,240,0
157.9788,36.52,0,22,0,240,0
157.9799,36.52,0,22,0,240,0
157.9809,36.52,0,22,0,240,0
157.9821,36.52,0,22,0,240,0
157.9831,36.52,0,22,0,240,0
157.9847,36.52,0,22,0,240,0
157.9859,36.52,0,22,0,240,0
157.987,36.52,0,22,0,240,0
157.9886,36.52,0,22,0,240,0
157.9897,36.52,0,22,0,240,0
157.9907,36.52,0,22,0,240,0
157.9919,36.52,0,22,0,240,0
157.993,36.52,0,22,0,240,0
157.9941,36.52,0,22,0,240,0
157.9951,36.52,0,22,0,240,0
157.9962,36.52,0,22,0,240,0
157.9973,36.52,0,22,0,240,0
157.9984,36.52,0,22,0,240,0
157.9994,36.52,0,22,0,240,0
158.0005,36.52,0,22,0,240,0
158.0022,36.52,0,22,0,240,0
158.0033,36.52,0,22,0,240,0
158.0044,36.52,0,22,0,240,0
158.0055,36.52,0,22,0,240,0
158.0067,36.52,0,22,0,240,0
158.0078,36.52,0,22,0,240,0
158.0089,36.52,0,22,0,240,0
158.0099,36.52,0,22,0,240,0
158.011,36.52,0,22,0,240,0
158.0121,36.52,0,22,0,240,0
158.0132,36.52,0,22,0,240,0
158.0143,36.52,0,22,0,240,0
158.0154,36.52,0,22,0,240,0
158.0165,36.52,0,22,0,240,0
158.0175,36.52,0,22,0,240,0
158.0186,36.52,0,22,0,240,0
158.02,36.52,0,22,0,240,0
158.0212,36.52,0,22,0,240,0
158.0223,36.52,0,22,0,240,0
158.0234,36.52,0,22,0,240,0
158.0246,36.52,0,22,0,240,0
158.0257,36.52,0,22,0,240,0
158.0267,36.52,0,22,0,240,0
158.0277,36.52,0,22,0,240,0
158.0287,36.52,0,22,0,240,0
158.0298,36.52,0,22,0,240,0
158.0308,36.52,0,22,0,240,0
158.0319,36.52,0,22,0,240,0
158.0329,36.52,0,22,0,240,0
158.0343,36.52,0,22,0,240,0
158.0354,36.52,0,22,0,240,0
158.0364,36.52,0,22,0,240,0
158.0375,36.52,0,22,0,240,0
158.0385,36.52,0,22,0,240,0
158.0396,36.52,0,22,0,240,0
158.0408,36.52,0,22,0,240,0
158.0422,36.52,0,22,0,240,0
158.0433,36.52,0,22,0,240,0
158.0443,36.52,0,22,0,240,0
158.0454,36.52,0,22,0,240,0
158.0465,36.52,0,22,0,240,0
158.0476,36.52,0,22,0,240,0
158.0488,36.52,0,22,0,240,0
158.0501,36.52,0,22,0,240,0
158.0511,36.52,0,22,0,240,0
158.0522,36.52,0,22,0,240,0
158.0533,36.52,0,22,0,240,0
158.0546,36.52,0,22,0,240,0
158.0556,36.52,0,22,0,240,0
158.0567,36.52,0,22,0,240,0
158.0578,36.52,0,22,0,240,0
158.0588,36.52,0,22,0,240,0
158.066,36.52,0,22,0,240,0
158.0683,36.52,0,22,0,240,0
158.0696,36.52,0,22,0,240,0
158.0707,36.52,0,22,0,240,0
158.0717,36.52,0,22,0,240,0
158.0729,36.52,0,22,0,240,0
158.074,36.52,0,22,0,240,0
158.0751,36.52,0,22,0,240,0
158.0761,36.52,0,22,0,240,0
158.0771,36.52,0,22,0,240,0
158.0782,36.52,0,22,0,240,0
158.0793,36.52,0,22,0,240,0
158.0805,36.52,0,22,0,240,0
158.0819,36.52,0,22,0,240,0
158.083,36.52,0,22,0,240,0
158.0841,36.52,0,22,0,240,0
158.0852,36.52,0,22,0,240,0
158.0862,36.52,0,22,0,240,0
158.0872,36.52,0,22,0,240,0
158.0882,36.52,0,22,0,240,0
158.0894,36.52,0,22,0,240,0
158.0904,36.52,0,22,0,240,0
158.0914,36.52,0,22,0,240,0
158.0924,36.52,0,22,0,240,0
158.0934,36.52,0,22,0,240,0
158.0944,36.52,0,22,0,240,0
158.0954,36.52,0,22,0,240,0
158.0965,36.52,0,22,0,240,0
158.0976,36.52,0,22,0,240,0
158.0987,36.52,0,22,0,240,0
158.0999,36.52,0,22,0,240,0
158.101,36.52,0,22,0,240,0
158.1022,36.52,0,22,0,240,0
158.1033,36.52,0,22,0,240,0
158.1043,36.52,0,22,0,240,0
158.1053,36.52,0,22,0,240,0
158.1064,36.52,0,22,0,240,0
158.1074,36.52,0,22,0,240,0
158.1084,36.52,0,22,0,240,0
158.1095,36.52,0,22,0,240,0
158.1105,36.52,0,22,0,240,0
158.1116,36.52,0,22,0,240,0
158.1127,36.52,0,22,0,240,0
158.114,36.52,0,22,0,240,0
158.1151,36.52,0,22,0,240,0
158.1161,36.52,0,22,0,240,0
158.1171,36.52,0,22,0,240,0
158.1182,36.52,0,22,0,240,0
158.1192,36.52,0,22,0,240,0
158.1202,36.52,0,22,0,240,0
158.1216,36.52,0,22,0,240,0
158.1227,36.52,0,22,0,240,0
158.1237,36.52,0,22,0,240,0
158.1246,36.52,0,22,0,240,0
158.1258,36.52,0,22,0,240,0
158.1268,36.52,0,22,0,240,0
158.1279,36.52,0,22,0,240,0
158.129,36.52,0,22,0,240,0
158.1302,36.52,0,22,0,240,0
158.1314,36.52,0,22,0,240,0
158.1325,36.52,0,22,0,240,0
158.1336,36.52,0,22,0,240,0
158.1347,36.52,0,22,0,240,0
158.1357,36.52,0,22,0,240,0
158.1367,36.52,0,22,0,240,0
158.1379,36.52,0,22,0,240,0
158.1389,36.52,0,22,0,240,0
158.14,36.52,0,22,0,240,0
158.1412,36.52,0,22,0,240,0
158.1423,36.52,0,22,0,240,0
158.1432,36.52,0,22,0,240,0
158.1443,36.52,0,22,0,240,0
158.1453,36.52,0,22,0,240,0
158.1463,36.52,0,22,0,240,0
158.1476,36.52,0,22,0,240,0
158.1487,36.52,0,22,0,240,0
158.1497,36.52,0,22,0,240,0
158.1507,36.52,0,22,0,240,0
158.1517,36.52,0,22,0,240,0
158.1528,36.52,0,22,0,240,0
158.1538,36.52,0,22,0,240,0
158.1549,36.52,0,22,0,240,0
158.1559,36.52,0,22,0,240,0
158.157,36.52,0,22,0,240,0
158.158,36.52,0,22,0,240,0
158.159,36.52,0,22,0,240,0
158.16,36.52,0,22,0,240,0
158.1613,36.52,0,22,0,240,0
158.1684,36.52,0,22,0,240,0
